<?xml version="1.0" encoding="utf-8"?>
<egt>
	<theme>
		<property name="type">DefaultTheme</property>
	</theme>
	<widgets>
		<widget name="Window0" type="TopWindow">
			<property name="pixelformat">argb8888</property>
			<property name="windowhint">automatic</property>
			<property name="show">true</property>
			<property name="width">800</property>
			<property name="height">480</property>
			<property name="fillflags">solid</property>
			<widget name="Window1" type="Window">
				<property name="pixelformat">argb8888</property>
				<property name="windowhint">automatic</property>
				<property name="show">true</property>
				<property name="width">800</property>
				<property name="height">480</property>
				<property name="fillflags">solid</property>
				<widget name="ImageLabel3" type="ImageLabel">
					<property name="show">true</property>
					<property name="width">800</property>
					<property name="height">482</property>
					<property name="text">ImageLabel3</property>
					<property name="text_align">center</property>
					<property name="showlabel">false</property>
					<property name="image">file:ancs_background.png</property>
					<property name="image_align">center|expand</property>
				</widget>
				<widget name="btnReject" type="ImageButton">
					<property name="show">true</property>
					<property name="x">480</property>
					<property name="y">370</property>
					<property name="width">82</property>
					<property name="height">82</property>
					<property name="autoresize">false</property>
					<property name="border_radius">4</property>
					<property name="fillflags">blend</property>
					<property name="text">ImageButton4</property>
					<property name="text_align">center</property>
					<property name="showlabel">false</property>
					<property name="image" hscale="0.160156" vscale="0.160156" keep_image_ratio="false">file:phone-reject.png</property>
					<property name="image_align">center|expand</property>
				</widget>
				<widget name="btnAccept" type="ImageButton">
					<property name="show">true</property>
					<property name="x">600</property>
					<property name="y">370</property>
					<property name="width">82</property>
					<property name="height">82</property>
					<property name="autoresize">false</property>
					<property name="border_radius">4</property>
					<property name="fillflags">blend</property>
					<property name="text">ImageButton5</property>
					<property name="text_align">center</property>
					<property name="showlabel">false</property>
					<property name="image" hscale="0.165323" vscale="0.165323">file:phone-accept.png</property>
					<property name="image_align">center|expand</property>
				</widget>
				<widget name="labCaller" type="Label">
					<property name="show">true</property>
					<property name="x">195</property>
					<property name="y">360</property>
					<property name="width">278</property>
					<property name="height">50</property>
					<property name="font" weight="normal" slant="normal" size="36.000000">PT Sans</property>
					<property name="color" id="bg" group="normal">000000ff</property>
					<property name="color" id="text" group="normal">ffffffff</property>
					<property name="color" id="text_highlight" group="normal">ff69b4ff</property>
					<property name="color" id="cursor" group="normal">ff0000ff</property>
					<property name="color" id="border" group="normal">ed192dff</property>
					<property name="color" id="button_bg" group="normal">ed192dff</property>
					<property name="color" id="button_fg" group="normal">ed192dff</property>
					<property name="color" id="button_text" group="normal">ffffffff</property>
					<property name="color" id="label_bg" group="normal">ffffffff</property>
					<property name="color" id="label_text" group="normal">ffffffff</property>
					<property name="color" id="bg" group="active">ffffffff</property>
					<property name="color" id="text" group="active">ffffffff</property>
					<property name="color" id="text_highlight" group="active">ff69b4ff</property>
					<property name="color" id="cursor" group="active">ff0000ff</property>
					<property name="color" id="border" group="active">ed192dff</property>
					<property name="color" id="button_bg" group="active">c01f2aff</property>
					<property name="color" id="button_fg" group="active">ed192dff</property>
					<property name="color" id="button_text" group="active">ffffffff</property>
					<property name="color" id="label_bg" group="active">ffffffff</property>
					<property name="color" id="label_text" group="active">808080ff</property>
					<property name="color" id="bg" group="disabled">ffffffff</property>
					<property name="color" id="text" group="disabled">989a9aff</property>
					<property name="color" id="text_highlight" group="disabled">ff69b4ff</property>
					<property name="color" id="cursor" group="disabled">ff0000ff</property>
					<property name="color" id="border" group="disabled">cbcecfff</property>
					<property name="color" id="button_bg" group="disabled">cbcecfff</property>
					<property name="color" id="button_fg" group="disabled">cbcecfff</property>
					<property name="color" id="button_text" group="disabled">000000ff</property>
					<property name="color" id="label_bg" group="disabled">ffffffff</property>
					<property name="color" id="label_text" group="disabled">000000ff</property>
					<property name="color" id="bg" group="checked">ffffffff</property>
					<property name="color" id="text" group="checked">ffffffff</property>
					<property name="color" id="text_highlight" group="checked">ff69b4ff</property>
					<property name="color" id="cursor" group="checked">ff0000ff</property>
					<property name="color" id="border" group="checked">ed192dff</property>
					<property name="color" id="button_bg" group="checked">ed192dff</property>
					<property name="color" id="button_fg" group="checked">ed192dff</property>
					<property name="color" id="button_text" group="checked">ffffffff</property>
					<property name="color" id="label_bg" group="checked">ed192dff</property>
					<property name="color" id="label_text" group="checked">000000ff</property>
					<property name="text">+886 927806383</property>
					<property name="text_align">center_vertical|left</property>
				</widget>
				<widget name="imgCalling" type="ImageLabel">
					<property name="show">true</property>
					<property name="x">200</property>
					<property name="y">220</property>
					<property name="width">120</property>
					<property name="height">120</property>
					<property name="text">ImageLabel7</property>
					<property name="text_align">center</property>
					<property name="showlabel">false</property>
					<property name="image" hscale="1.875" vscale="1.875">file:phone-call.png</property>
					<property name="image_align">center|expand</property>
				</widget>
				<widget name="iconBLE" type="ImageLabel">
					<property name="show">true</property>
					<property name="x">590</property>
					<property name="y">6</property>
					<property name="width">48</property>
					<property name="height">48</property>
					<property name="autoresize">false</property>
					<property name="text">ImageLabel7</property>
					<property name="text_align">center</property>
					<property name="showlabel">false</property>
					<property name="image" hscale="0.046875" vscale="0.046875">file:bluetooth.png</property>
					<property name="image_align">center|expand</property>
				</widget>
				<widget name="labSpeed1" type="Label">
					<property name="show">true</property>
					<property name="x">580</property>
					<property name="y">180</property>
					<property name="width">100</property>
					<property name="height">200</property>
					<property name="autoresize">false</property>
					<property name="font" weight="normal" slant="normal" size="180.000000">Seven Segment</property>
					<property name="color" id="bg" group="normal">ffffffff</property>
					<property name="color" id="text" group="normal">ffffffff</property>
					<property name="color" id="text_highlight" group="normal">ff69b4ff</property>
					<property name="color" id="cursor" group="normal">ff0000ff</property>
					<property name="color" id="border" group="normal">ed192dff</property>
					<property name="color" id="button_bg" group="normal">ed192dff</property>
					<property name="color" id="button_fg" group="normal">ed192dff</property>
					<property name="color" id="button_text" group="normal">ffffffff</property>
					<property name="color" id="label_bg" group="normal">ffffffff</property>
					<property name="color" id="label_text" group="normal">ffffffff</property>
					<property name="color" id="bg" group="active">ffffffff</property>
					<property name="color" id="text" group="active">000000ff</property>
					<property name="color" id="text_highlight" group="active">ff69b4ff</property>
					<property name="color" id="cursor" group="active">ff0000ff</property>
					<property name="color" id="border" group="active">ed192dff</property>
					<property name="color" id="button_bg" group="active">c01f2aff</property>
					<property name="color" id="button_fg" group="active">ed192dff</property>
					<property name="color" id="button_text" group="active">ffffffff</property>
					<property name="color" id="label_bg" group="active">ffffffff</property>
					<property name="color" id="label_text" group="active">808080ff</property>
					<property name="color" id="bg" group="disabled">ffffffff</property>
					<property name="color" id="text" group="disabled">989a9aff</property>
					<property name="color" id="text_highlight" group="disabled">ff69b4ff</property>
					<property name="color" id="cursor" group="disabled">ff0000ff</property>
					<property name="color" id="border" group="disabled">cbcecfff</property>
					<property name="color" id="button_bg" group="disabled">cbcecfff</property>
					<property name="color" id="button_fg" group="disabled">cbcecfff</property>
					<property name="color" id="button_text" group="disabled">000000ff</property>
					<property name="color" id="label_bg" group="disabled">ffffffff</property>
					<property name="color" id="label_text" group="disabled">000000ff</property>
					<property name="color" id="bg" group="checked">ffffffff</property>
					<property name="color" id="text" group="checked">000000ff</property>
					<property name="color" id="text_highlight" group="checked">ff69b4ff</property>
					<property name="color" id="cursor" group="checked">ff0000ff</property>
					<property name="color" id="border" group="checked">ed192dff</property>
					<property name="color" id="button_bg" group="checked">ed192dff</property>
					<property name="color" id="button_fg" group="checked">ed192dff</property>
					<property name="color" id="button_text" group="checked">ffffffff</property>
					<property name="color" id="label_bg" group="checked">ed192dff</property>
					<property name="color" id="label_text" group="checked">000000ff</property>
					<property name="text">9</property>
					<property name="text_align">center</property>
				</widget>
				<widget name="labSpeed2" type="Label">
					<property name="show">true</property>
					<property name="x">475</property>
					<property name="y">180</property>
					<property name="width">100</property>
					<property name="height">200</property>
					<property name="autoresize">false</property>
					<property name="font" weight="normal" slant="normal" size="180.000000">Seven Segment</property>
					<property name="color" id="bg" group="normal">ffffffff</property>
					<property name="color" id="text" group="normal">000000ff</property>
					<property name="color" id="text_highlight" group="normal">ff69b4ff</property>
					<property name="color" id="cursor" group="normal">ff0000ff</property>
					<property name="color" id="border" group="normal">ed192dff</property>
					<property name="color" id="button_bg" group="normal">ed192dff</property>
					<property name="color" id="button_fg" group="normal">ed192dff</property>
					<property name="color" id="button_text" group="normal">ffffffff</property>
					<property name="color" id="label_bg" group="normal">ffffffff</property>
					<property name="color" id="label_text" group="normal">ffffffff</property>
					<property name="color" id="bg" group="active">ffffffff</property>
					<property name="color" id="text" group="active">000000ff</property>
					<property name="color" id="text_highlight" group="active">ff69b4ff</property>
					<property name="color" id="cursor" group="active">ff0000ff</property>
					<property name="color" id="border" group="active">ed192dff</property>
					<property name="color" id="button_bg" group="active">c01f2aff</property>
					<property name="color" id="button_fg" group="active">ed192dff</property>
					<property name="color" id="button_text" group="active">ffffffff</property>
					<property name="color" id="label_bg" group="active">ffffffff</property>
					<property name="color" id="label_text" group="active">808080ff</property>
					<property name="color" id="bg" group="disabled">ffffffff</property>
					<property name="color" id="text" group="disabled">989a9aff</property>
					<property name="color" id="text_highlight" group="disabled">ff69b4ff</property>
					<property name="color" id="cursor" group="disabled">ff0000ff</property>
					<property name="color" id="border" group="disabled">cbcecfff</property>
					<property name="color" id="button_bg" group="disabled">cbcecfff</property>
					<property name="color" id="button_fg" group="disabled">cbcecfff</property>
					<property name="color" id="button_text" group="disabled">000000ff</property>
					<property name="color" id="label_bg" group="disabled">ffffffff</property>
					<property name="color" id="label_text" group="disabled">000000ff</property>
					<property name="color" id="bg" group="checked">ffffffff</property>
					<property name="color" id="text" group="checked">000000ff</property>
					<property name="color" id="text_highlight" group="checked">ff69b4ff</property>
					<property name="color" id="cursor" group="checked">ff0000ff</property>
					<property name="color" id="border" group="checked">ed192dff</property>
					<property name="color" id="button_bg" group="checked">ed192dff</property>
					<property name="color" id="button_fg" group="checked">ed192dff</property>
					<property name="color" id="button_text" group="checked">ffffffff</property>
					<property name="color" id="label_bg" group="checked">ed192dff</property>
					<property name="color" id="label_text" group="checked">000000ff</property>
					<property name="text">9</property>
					<property name="text_align">center</property>
				</widget>
				<widget name="LabSpeed3" type="Label">
					<property name="show">true</property>
					<property name="x">390</property>
					<property name="y">180</property>
					<property name="width">100</property>
					<property name="height">200</property>
					<property name="autoresize">false</property>
					<property name="font" weight="normal" slant="normal" size="180.000000">Seven Segment</property>
					<property name="color" id="bg" group="normal">ffffffff</property>
					<property name="color" id="text" group="normal">000000ff</property>
					<property name="color" id="text_highlight" group="normal">ff69b4ff</property>
					<property name="color" id="cursor" group="normal">ff0000ff</property>
					<property name="color" id="border" group="normal">ed192dff</property>
					<property name="color" id="button_bg" group="normal">ed192dff</property>
					<property name="color" id="button_fg" group="normal">ed192dff</property>
					<property name="color" id="button_text" group="normal">ffffffff</property>
					<property name="color" id="label_bg" group="normal">ffffffff</property>
					<property name="color" id="label_text" group="normal">ffffffff</property>
					<property name="color" id="bg" group="active">ffffffff</property>
					<property name="color" id="text" group="active">000000ff</property>
					<property name="color" id="text_highlight" group="active">ff69b4ff</property>
					<property name="color" id="cursor" group="active">ff0000ff</property>
					<property name="color" id="border" group="active">ed192dff</property>
					<property name="color" id="button_bg" group="active">c01f2aff</property>
					<property name="color" id="button_fg" group="active">ed192dff</property>
					<property name="color" id="button_text" group="active">ffffffff</property>
					<property name="color" id="label_bg" group="active">ffffffff</property>
					<property name="color" id="label_text" group="active">808080ff</property>
					<property name="color" id="bg" group="disabled">ffffffff</property>
					<property name="color" id="text" group="disabled">989a9aff</property>
					<property name="color" id="text_highlight" group="disabled">ff69b4ff</property>
					<property name="color" id="cursor" group="disabled">ff0000ff</property>
					<property name="color" id="border" group="disabled">cbcecfff</property>
					<property name="color" id="button_bg" group="disabled">cbcecfff</property>
					<property name="color" id="button_fg" group="disabled">cbcecfff</property>
					<property name="color" id="button_text" group="disabled">000000ff</property>
					<property name="color" id="label_bg" group="disabled">ffffffff</property>
					<property name="color" id="label_text" group="disabled">000000ff</property>
					<property name="color" id="bg" group="checked">ffffffff</property>
					<property name="color" id="text" group="checked">000000ff</property>
					<property name="color" id="text_highlight" group="checked">ff69b4ff</property>
					<property name="color" id="cursor" group="checked">ff0000ff</property>
					<property name="color" id="border" group="checked">ed192dff</property>
					<property name="color" id="button_bg" group="checked">ed192dff</property>
					<property name="color" id="button_fg" group="checked">ed192dff</property>
					<property name="color" id="button_text" group="checked">ffffffff</property>
					<property name="color" id="label_bg" group="checked">ed192dff</property>
					<property name="color" id="label_text" group="checked">000000ff</property>
					<property name="text">1</property>
					<property name="text_align">center</property>
				</widget>
				<widget name="imgSMS" type="ImageLabel">
					<property name="show">true</property>
					<property name="x">200</property>
					<property name="y">220</property>
					<property name="width">120</property>
					<property name="height">120</property>
					<property name="autoresize">false</property>
					<property name="text">ImageLabel12</property>
					<property name="text_align">center</property>
					<property name="showlabel">false</property>
					<property name="image" hscale="0.234375" vscale="0.234375">file:sms.png</property>
					<property name="image_align">center|expand</property>
				</widget>
				<widget name="labelMessage" type="Label">
					<property name="show">true</property>
					<property name="x">198</property>
					<property name="y">416</property>
					<property name="width">272</property>
					<property name="height">50</property>
					<property name="font" weight="normal" slant="normal" size="36.000000">PT Sans</property>
					<property name="color" id="cursor" group="normal">ff0000ff</property>
					<property name="color" id="bg" group="normal">ffffffff</property>
					<property name="color" id="text" group="normal">000000ff</property>
					<property name="color" id="text_highlight" group="normal">ff69b4ff</property>
					<property name="color" id="border" group="normal">ed192dff</property>
					<property name="color" id="button_bg" group="normal">
						<pattern>
							<property name="type">linear</property>
							<property name="start">[0,0]</property>
							<property name="end">[0,0]</property>
							<property name="steps">{0,ed192dff},{0.43,d51628ff},{0.5,c91526ff},{1,c21424ff},</property>
						</pattern>
					</property>
					<property name="color" id="button_fg" group="normal">ed192dff</property>
					<property name="color" id="button_text" group="normal">ffffffff</property>
					<property name="color" id="label_bg" group="normal">ffffffff</property>
					<property name="color" id="label_text" group="normal">ffffffff</property>
					<property name="color" id="cursor" group="disabled">ff0000ff</property>
					<property name="color" id="bg" group="disabled">ffffffff</property>
					<property name="color" id="text" group="disabled">989a9aff</property>
					<property name="color" id="text_highlight" group="disabled">ff69b4ff</property>
					<property name="color" id="border" group="disabled">cbcecfff</property>
					<property name="color" id="button_bg" group="disabled">
						<pattern>
							<property name="type">linear</property>
							<property name="start">[0,0]</property>
							<property name="end">[0,0]</property>
							<property name="steps">{0,cbcecfff},{0.43,b6b9baff},{0.5,acafafff},{1,a6a8a9ff},</property>
						</pattern>
					</property>
					<property name="color" id="button_fg" group="disabled">cbcecfff</property>
					<property name="color" id="button_text" group="disabled">000000ff</property>
					<property name="color" id="label_bg" group="disabled">ffffffff</property>
					<property name="color" id="label_text" group="disabled">000000ff</property>
					<property name="color" id="cursor" group="active">ff0000ff</property>
					<property name="color" id="bg" group="active">ffffffff</property>
					<property name="color" id="text" group="active">000000ff</property>
					<property name="color" id="text_highlight" group="active">ff69b4ff</property>
					<property name="color" id="border" group="active">ed192dff</property>
					<property name="color" id="button_bg" group="active">
						<pattern>
							<property name="type">linear</property>
							<property name="start">[0,0]</property>
							<property name="end">[0,0]</property>
							<property name="steps">{0,c01f2aff},{0.43,ac1b25ff},{0.5,a31a23ff},{1,9d1922ff},</property>
						</pattern>
					</property>
					<property name="color" id="button_fg" group="active">ed192dff</property>
					<property name="color" id="button_text" group="active">ffffffff</property>
					<property name="color" id="label_bg" group="active">ffffffff</property>
					<property name="color" id="label_text" group="active">808080ff</property>
					<property name="color" id="cursor" group="checked">ff0000ff</property>
					<property name="color" id="bg" group="checked">ffffffff</property>
					<property name="color" id="text" group="checked">000000ff</property>
					<property name="color" id="text_highlight" group="checked">ff69b4ff</property>
					<property name="color" id="border" group="checked">ed192dff</property>
					<property name="color" id="button_bg" group="checked">
						<pattern>
							<property name="type">linear</property>
							<property name="start">[0,0]</property>
							<property name="end">[0,0]</property>
							<property name="steps">{0,ed192dff},{0.43,d51628ff},{0.5,c91526ff},{1,c21424ff},</property>
						</pattern>
					</property>
					<property name="color" id="button_fg" group="checked">ed192dff</property>
					<property name="color" id="button_text" group="checked">ffffffff</property>
					<property name="color" id="label_bg" group="checked">
						<pattern>
							<property name="type">linear</property>
							<property name="start">[0,0]</property>
							<property name="end">[0,0]</property>
							<property name="steps">{0,ed192dff},{0.43,d51628ff},{0.5,c91526ff},{1,c21424ff},</property>
						</pattern>
					</property>
					<property name="color" id="label_text" group="checked">000000ff</property>
					<property name="text">Hello</property>
					<property name="text_align">center_vertical|left</property>
				</widget>
			</widget>
		</widget>
	</widgets>
</egt>

